{"France": 0.07546666666666667, "China": -0.053674999999999994, "Japan": 0.04104444444444446, "Malaysia": 0.0, "United States": 0.048928571428571425, "Switzerland": -0.1366, "Taiwan": 0.0, "Germany": -0.3182, "Iran": -0.2023, "Russia": 0.07955, "Ukraine": -0.2423, "Syria": 0.13396666666666665, "Georgia": 0.0, "Austria": 0.0, "Israel": 0.0, "Afghanistan": 0.0, "Canada": 0.4404, "India": 0.0, "Iceland": -0.19063333333333332, "Ireland": 0.0, "United Kingdom": -0.08895000000000003, "Australia": 0.08333333333333333, "Pakistan": 0.0, "Guinea": -0.2617, "Egypt": 0.0, "Venezuela": 0.0, "Argentina": -0.1591, "Greece": -0.3612, "Portugal": 0.34, "Mexico": 0.0772, "Colombia": 0.0, "Turkey": -0.25}
{"China": 0.055483333333333336, "Malaysia": 0.0, "Australia": 0.31845}
