{"France": 0.07546666666666667, "China": -0.053674999999999994, "Japan": 0.04104444444444446, "Malaysia": 0.0, "United States": 0.048928571428571425, "Switzerland": -0.1366, "Taiwan": 0.0, "Germany": -0.3182, "Iran": -0.2023, "Russia": 0.07955, "Ukraine": -0.2423, "Syria": 0.13396666666666665, "Georgia": 0.0, "Austria": 0.0, "Israel": 0.0, "Afghanistan": 0.0, "Canada": 0.4404, "India": 0.0, "Iceland": -0.19063333333333332, "Ireland": 0.0, "United Kingdom": -0.08895000000000003, "Australia": 0.08333333333333333, "Pakistan": 0.0, "Guinea": -0.2617, "Egypt": 0.0, "Venezuela": 0.0, "Argentina": -0.1591, "Greece": -0.3612, "Portugal": 0.34, "Mexico": 0.0772, "Colombia": 0.0, "Turkey": -0.25}
{"China": 0.055483333333333336, "Malaysia": 0.0, "Australia": 0.31845}
{"Pakistan": 0.18322500000000003, "Iran": -0.016849999999999987, "China": -0.1326631362007169, "United Arab Emirates": -0.10836249999999999, "Singapore": 0.28485, "Hong Kong": 0.07921666666666667, "Ireland": 0.12392380952380952, "Japan": -0.031694811320754676, "Sweden": 0.07048611111111111, "Russia": 0.09285614718614724, "Germany": -0.02000662393162393, "United States": 0.06916214953271027, "Spain": 0.17848000000000003, "India": 0.12025261627906977, "Lebanon": 0.0, "Switzerland": 0.1287257575757576, "Turkey": 0.0956472222222222, "Ukraine": -0.175075, "New Zealand": 0.12431555555555555, "United Kingdom": 0.10095224358974363, "Nigeria": 0.03665714285714287, "Israel": 0.09521999999999999, "Peru": -0.0279375, "Venezuela": 0.02227223577235772, "France": -0.08312666666666665, "Argentina": 0.005884090909090907, "Portugal": 0.00686, "Belarus": 0.0, "Mexico": 0.025346666666666667, "Vietnam": 0.01779, "Finland": 0.014893333333333333, "Iceland": 0.07446666666666667, "Ghana": -0.16140000000000002, "Ecuador": 0.0, "Bahrain": 0.25, "Luxembourg": 0.0, "Cuba": 0.08654999999999999, "Canada": 0.01578562925170068, "Indonesia": 0.0, "Slovenia": 0.0, "Italy": 0.2535, "American Samoa": 0.024305000000000014, "Australia": 0.1599367647058824, "Slovakia": 0.20379999999999998, "Kenya": -0.04940833333333334, "Fiji": 0.5079666666666666, "Taiwan": 0.11246249999999999, "Philippines": 0.250975, "Jamaica": 0.0, "Estonia": -0.03349166666666666, "Niue": 0.0, "Afghanistan": 0.0, "Egypt": -0.09106666666666667, "Vanuatu": 0.8074, "Brazil": 0.08526071428571431, "Netherlands": 0.0, "Poland": -0.1709375, "Cyprus": 0.06545852713178296, "Botswana": 0.0, "Panama": 0.0, "Austria": 0.20368750000000002, "Libya": -0.22912500000000002, "Armenia": 0.0, "Thailand": 0.158665, "Morocco": -0.33681066666666665, "Hungary": 0.056575, "Laos": 0.03558, "Croatia": 0.0, "Seychelles": 0.0, "Norway": 0.2378, "Monaco": 0.050575, "Yemen": -0.10115, "Iraq": -0.10115, "Syria": -0.10115, "Colombia": 0.0, "Malta": 0.0, "Uzbekistan": 0.09798, "Malaysia": 0.0, "Denmark": 0.2732, "Sudan": 0.2294, "Kuwait": 0.0, "Lithuania": 0.0}
