{"France": 0.07546666666666667, "China": -0.053674999999999994, "Japan": 0.04104444444444446, "Malaysia": 0.0, "United States": 0.048928571428571425, "Switzerland": -0.1366, "Taiwan": 0.0, "Germany": -0.3182, "Iran": -0.2023, "Russia": 0.07955, "Ukraine": -0.2423, "Syria": 0.13396666666666665, "Georgia": 0.0, "Austria": 0.0, "Israel": 0.0, "Afghanistan": 0.0, "Canada": 0.4404, "India": 0.0, "Iceland": -0.19063333333333332, "Ireland": 0.0, "United Kingdom": -0.08895000000000003, "Australia": 0.08333333333333333, "Pakistan": 0.0, "Guinea": -0.2617, "Egypt": 0.0, "Venezuela": 0.0, "Argentina": -0.1591, "Greece": -0.3612, "Portugal": 0.34, "Mexico": 0.0772, "Colombia": 0.0, "Turkey": -0.25}
{"China": 0.055483333333333336, "Malaysia": 0.0, "Australia": 0.31845}
{"Pakistan": 0.18322500000000003, "Iran": -0.016849999999999987, "China": -0.1326631362007169, "United Arab Emirates": -0.10836249999999999, "Singapore": 0.28485, "Hong Kong": 0.07921666666666667, "Ireland": 0.12392380952380952, "Japan": -0.031694811320754676, "Sweden": 0.07048611111111111, "Russia": 0.09285614718614724, "Germany": -0.02000662393162393, "United States": 0.06916214953271027, "Spain": 0.17848000000000003, "India": 0.12025261627906977, "Lebanon": 0.0, "Switzerland": 0.1287257575757576, "Turkey": 0.0956472222222222, "Ukraine": -0.175075, "New Zealand": 0.12431555555555555, "United Kingdom": 0.10095224358974363, "Nigeria": 0.03665714285714287, "Israel": 0.09521999999999999, "Peru": -0.0279375, "Venezuela": 0.02227223577235772, "France": -0.08312666666666665, "Argentina": 0.005884090909090907, "Portugal": 0.00686, "Belarus": 0.0, "Mexico": 0.025346666666666667, "Vietnam": 0.01779, "Finland": 0.014893333333333333, "Iceland": 0.07446666666666667, "Ghana": -0.16140000000000002, "Ecuador": 0.0, "Bahrain": 0.25, "Luxembourg": 0.0, "Cuba": 0.08654999999999999, "Canada": 0.01578562925170068, "Indonesia": 0.0, "Slovenia": 0.0, "Italy": 0.2535, "American Samoa": 0.024305000000000014, "Australia": 0.1599367647058824, "Slovakia": 0.20379999999999998, "Kenya": -0.04940833333333334, "Fiji": 0.5079666666666666, "Taiwan": 0.11246249999999999, "Philippines": 0.250975, "Jamaica": 0.0, "Estonia": -0.03349166666666666, "Niue": 0.0, "Afghanistan": 0.0, "Egypt": -0.09106666666666667, "Vanuatu": 0.8074, "Brazil": 0.08526071428571431, "Netherlands": 0.0, "Poland": -0.1709375, "Cyprus": 0.06545852713178296, "Botswana": 0.0, "Panama": 0.0, "Austria": 0.20368750000000002, "Libya": -0.22912500000000002, "Armenia": 0.0, "Thailand": 0.158665, "Morocco": -0.33681066666666665, "Hungary": 0.056575, "Laos": 0.03558, "Croatia": 0.0, "Seychelles": 0.0, "Norway": 0.2378, "Monaco": 0.050575, "Yemen": -0.10115, "Iraq": -0.10115, "Syria": -0.10115, "Colombia": 0.0, "Malta": 0.0, "Uzbekistan": 0.09798, "Malaysia": 0.0, "Denmark": 0.2732, "Sudan": 0.2294, "Kuwait": 0.0, "Lithuania": 0.0}
{"China": 0.10536947138646656, "United States": 0.13424272746511862, "Canada": 0.14582037524874136, "Chad": 0.22590561224489808, "Singapore": 0.16746607780252568, "Estonia": 0.12954900842007983, "Germany": 0.11925981453706733, "Russia": 0.06811277410861791, "United Kingdom": 0.1468202555494045, "Jamaica": 0.2060921386718316, "India": 0.09625751699969995, "Brazil": 0.14239543218501452, "Australia": 0.1245851947090098, "Spain": 0.1622153472206464, "South Korea": 0.1458766225010538, "Japan": 0.10738753215099042, "Switzerland": 0.15626989047030831, "Israel": 0.13522740949822887, "United Arab Emirates": 0.20575515580528397, "Hong Kong": 0.12025327009375214, "Ukraine": 0.06622244318712057, "Bulgaria": 0.0889786363245186, "Georgia": 0.13011742820708122, "Venezuela": 0.1066871695324359, "Jersey": 0.13889751260333869, "Romania": 0.11989096811458219, "Mexico": 0.12420625565524893, "Denmark": 0.12119679341661506, "Luxembourg": 0.1093094002022503, "Iceland": 0.11431994171279974, "Norway": 0.10494250916812861, "Austria": 0.09996073371372804, "Turkey": 0.14207949430096317, "Italy": 0.10676510198792687, "France": 0.14555833744461671, "Ghana": 0.11326429899296922, "New Zealand": 0.08389399442744191, "Sweden": 0.12364982565279471, "Cameroon": 0.16937499999999997, "Armenia": 0.16937499999999997, "Argentina": 0.157129147472782, "Bolivia": 0.06599648550254943, "Ireland": 0.17467494544440856, "Ecuador": 0.1514905262377687, "Netherlands": 0.09600053961416134, "Cyprus": 0.07595958932286029, "Nicaragua": 0.107692546843334, "Philippines": 0.13829933933576924, "Vietnam": 0.11446755381989916, "Thailand": 0.0748998877980486, "Indonesia": 0.19459028781263046, "Belgium": 0.10734955054845033, "Finland": 0.12564972656372275, "Malaysia": 0.15657040244571946, "Bangladesh": 0.10661040406692976, "South Africa": 0.1717676335309724, "Greece": 0.08003235347045201, "Lithuania": 0.06903358996005599, "Kenya": 0.17363206775616985, "Belize": -0.017142000000000046, "Iran": 0.15029417667598408, "Botswana": -0.039810169491525375, "Somalia": 0.0387513155770784, "Syria": 0.06334423539109982, "Sudan": 0.13408302992257795, "Hungary": 0.1052787056919872, "Panama": 0.09650823217877914, "Pakistan": 0.2554235266312789, "Portugal": 0.18334524802554414, "Lebanon": 0.05750390465631929, "Libya": 0.11940000000000006, "Slovenia": 0.1580876861360819, "British Virgin Islands": 0.10030812742184694, "Costa Rica": 0.18230204081632653, "Poland": 0.09962276576274465, "Czech Republic": 0.031006483971301776, "Colombia": 0.018687969345913973, "Uganda": 0.030822376373626358, "Nigeria": 0.09359939392483017, "Taiwan": 0.1339950509159944, "North Korea": 0.01221374535577961, "Tonga": 0.12293636363636364, "Barbados": 0.23566674487246367, "Yemen": 0.1862, "Ethiopia": 0.1862, "Belarus": 0.13533658449792962, "Burundi": 0.1862, "Malawi": 0.1862, "Tanzania": 0.2503239130434783, "Iraq": 0.0028040211640211836, "Honduras": 0.11428792842137618, "Latvia": -0.005766234208975335, "Qatar": 0.18233809095860565, "Kuwait": 0.2241655228758169, "Oman": 0.20230526143790845, "Saudi Arabia": 0.14637057393790845, "Bahrain": 0.2241655228758169, "Namibia": 0.27307916666666693, "Jordan": 0.15417878331428472, "Haiti": -0.07175454545454546, "Gaza Strip": -0.1583022727272728, "Antarctica": 0.13347297297297295, "Liechtenstein": 0.16552288359788359, "Dominican Republic": 0.09537497673697273, "Macau": 0.0762518518518518, "Afghanistan": 0.12709565996962172, "Malta": 0.14047055735163255, "Cambodia": 0.20782499999999998, "Cuba": 0.11544107676224609, "Chile": 0.14389967749169563, "Peru": 0.1872116239936712, "Uruguay": 0.12858946165268836, "Sri Lanka": 0.1851738095238094, "Cayman Islands": 0.1057940639269406, "Puerto Rico": 0.0403187511770245, "Slovakia": 0.11983983652569072, "Mauritius": 0.3759304347826086, "Madagascar": 0.3759304347826086, "Gibraltar": 0.15575165807876337, "Croatia": 0.11264173114119923, "Egypt": 0.12431360143469519, "Sierra Leone": 0.12555216748768477, "Liberia": 0.08384571428571432, "Guinea": 0.08384571428571432, "Aruba": 0.22914848484848493, "Angola": 0.11508627450980408, "Guernsey": 0.10041, "Bermuda": 0.15211818645450836, "Kazakhstan": 0.013976767195767195, "Kyrgyzstan": 0.10649444444444443, "Algeria": -0.07455714285714281, "Guatemala": 0.0495783333333333, "Tunisia": 0.1502095238095239, "Niger": 0.3244565217391307, "Moldova": 0.34122500000000006}
